{"stats":{"minecraft:picked_up":{"minecraft:stick":3,"minecraft:crafting_table":1,"patchouli:guide_book":1,"minecraft:oak_log":28,"minecraft:oak_sapling":1},"minecraft:used":{"minecraft:wooden_axe":23,"minecraft:crafting_table":1,"minecraft:oak_sapling":1},"minecraft:custom":{"minecraft:time_since_rest":14401,"minecraft:crouch_one_cm":139,"minecraft:sprint_one_cm":14928,"minecraft:play_time":14401,"minecraft:damage_taken":40,"minecraft:walk_one_cm":38923,"minecraft:sneak_time":17,"minecraft:jump":200,"minecraft:leave_game":3,"minecraft:time_since_death":14401,"minecraft:total_world_time":14401,"minecraft:interact_with_crafting_table":1,"minecraft:fall_one_cm":2994,"minecraft:fly_one_cm":9677},"minecraft:crafted":{"minecraft:oak_planks":20,"minecraft:crafting_table":1,"minecraft:stick":8,"minecraft:wooden_pickaxe":1,"minecraft:wooden_axe":1},"minecraft:mined":{"minecraft:oak_log":22,"minecraft:oak_leaves":14,"minecraft:crafting_table":1,"immersive_weathering:oak_leaf_pile":3}},"DataVersion":3120}