{"stats":{"minecraft:picked_up":{"minecraft:stick":3,"minecraft:crafting_table":1,"patchouli:guide_book":1,"minecraft:oak_log":28},"minecraft:used":{"minecraft:wooden_axe":23,"minecraft:crafting_table":1},"minecraft:custom":{"minecraft:time_since_rest":7900,"minecraft:sprint_one_cm":14928,"minecraft:play_time":7900,"minecraft:damage_taken":20,"minecraft:walk_one_cm":7373,"minecraft:jump":82,"minecraft:leave_game":2,"minecraft:time_since_death":7900,"minecraft:total_world_time":7900,"minecraft:fall_one_cm":869,"minecraft:interact_with_crafting_table":1,"minecraft:fly_one_cm":9439},"minecraft:crafted":{"minecraft:oak_planks":20,"minecraft:crafting_table":1,"minecraft:stick":8,"minecraft:wooden_pickaxe":1,"minecraft:wooden_axe":1},"minecraft:mined":{"minecraft:oak_log":22,"minecraft:oak_leaves":13,"minecraft:crafting_table":1}},"DataVersion":3120}