{"stats":{"minecraft:picked_up":{"minecraft:stick":3,"minecraft:oak_log":6,"minecraft:oak_sapling":1,"minecraft:egg":1},"minecraft:used":{"minecraft:oak_sapling":1},"minecraft:custom":{"minecraft:time_since_rest":11587,"minecraft:crouch_one_cm":777,"minecraft:sprint_one_cm":7700,"minecraft:play_time":11587,"minecraft:damage_taken":280,"minecraft:walk_one_cm":9319,"minecraft:sneak_time":543,"minecraft:drop":3,"minecraft:jump":119,"minecraft:damage_dealt":10,"minecraft:leave_game":2,"minecraft:time_since_death":11587,"minecraft:total_world_time":11587,"minecraft:fall_one_cm":5422,"minecraft:fly_one_cm":7198},"minecraft:mined":{"minecraft:oak_log":6,"minecraft:oak_leaves":6,"immersive_weathering:oak_leaf_pile":1},"minecraft:dropped":{"minecraft:oak_log":6,"patchouli:guide_book":1,"minecraft:stick":3}},"DataVersion":3120}